X,Y,gid,Name,description,CNAME_E,OBJECTID,LABEL_E,C_PREFIX_E,C_PREFIX_A,COMMUNITY_,DGIS_ID,COMM_NUM,NDGIS_ID,SHAPE_AREA,SHAPE_LEN
55.2389012,24.69676218,2,kml_2,,HEFAIR,24,HEFAIR,Community:,,HEFAIR - 991,227,991,227,143566502,51721.21118
55.35173867,25.07518509,6,kml_6,,WADI AL SAFA 5,28,WADI AL SAFA 5,Community:,,WADI AL SAFA 5 - 648,228,648,228,16319666.86,22350.66276
55.38136012,24.8703777,16,kml_16,,SAIH AL SALAM,38,SAIH AL SALAM,Community:,,SAIH AL SALAM - 951,217,951,217,88690423.33,42842.71329
55.54351578,25.2399839,127,kml_127,,AL TTAY,149,AL TTAY,Community:,,AL TTAY - 284,55,284,55,3294483.573,12793.45478
55.33631056,25.26866733,21,kml_21,,AL KHABAISI,43,AL KHABAISI,Community:,,AL KHABAISI - 128,30,128,30,1226749.013,5559.091719
55.66684785,24.8430066,30,kml_30,,REMAH,52,REMAH,Community:,,REMAH - 851,192,851,192,82867940.63,36841.28565
55.28312394,25.0394225,39,kml_39,,WADI AL SAFA 7,61,WADI AL SAFA 7,Community:,,WADI AL SAFA 7 - 665,229,665,229,8407907.411,12827.35689
55.64177188,25.0211931,45,kml_45,,NAZWAH,67,NAZWAH,Community:,,NAZWAH - 736,201,736,201,13058825.25,15567.13969
55.64718689,25.06425619,86,kml_86,,AL MERYAL,108,AL MERYAL,Community:,,AL MERYAL - 735,200,735,200,15458746.58,17454.24399
55.28645228,24.99849681,89,kml_89,,AL YALAYIS 2,111,AL YALAYIS 2,Community:,,AL YALAYIS 2 - 922,210,922,210,14349077.25,16427.24218
55.23692922,25.21433512,111,kml_111,,JUMEIRA BAY,133,JUMEIRA BAY,Community:,,JUMEIRA BAY - 302,247,302,247,990538.9213,8026.368951
55.3368499,25.29113614,128,kml_128,,AL WUHEIDA,150,AL WUHEIDA,Community:,,AL WUHEIDA - 132,6,132,6,1432349.212,4851.156175
55.34434777,25.3044989,137,kml_137,,AL MAMZAR,159,AL MAMZAR,Community:,,AL MAMZAR - 134,1,134,1,5798825.862,19110.86225
55.11549577,25.0541307,8,kml_8,,JABAL ALI SECOND,30,JABAL ALI SECOND,Community:,,JABAL ALI SECOND - 592,240,592,240,5059596.064,10664.72252
55.41278226,24.73919545,146,kml_146,,SAIH AL DAHAL,168,SAIH AL DAHAL,Community:,,SAIH AL DAHAL - 971,221,971,221,190161473.5,68235.01227
55.60779986,24.81132763,27,kml_27,,MARGAB,49,MARGAB,Community:,,MARGAB - 857,193,857,193,34633828.84,24347.00749
55.16366058,25.23262754,151,kml_151,,WORLD ISLANDS,173,WORLD ISLANDS,Community:,,WORLD ISLANDS - 303,249,303,249,74099957.52,32221.3504
55.13630187,25.08467051,182,kml_182,,MARSA DUBAI,204,MARSA DUBAI,Community:,,MARSA DUBAI - 392,129,392,129,8881162.512,13683.35034
55.12721875,25.1218614,183,kml_183,,NAKHLAT JUMEIRA,205,NAKHLAT JUMEIRA,Community:,,NAKHLAT JUMEIRA - 381,151,381,151,26741803.43,22589.38263
55.29600345,25.26966905,184,kml_184,,AL RAS,206,AL RAS,Community:,,AL RAS - 112,34,112,34,302711.3247,2712.992148
55.30249995,25.2692608,192,kml_192,,AL SABKHA,214,AL SABKHA,Community:,,AL SABKHA - 115,36,115,36,73089.69752,1397.45142
55.4493775,24.81064789,207,kml_207,,AL HATHMAH,3,AL HATHMAH,Community:,,AL HATHMAH - 956,218,956,218,82256581.71,35222.96908
55.4272478,24.67010852,214,kml_214,,SAIH SHUA'ALAH,10,SAIH SHUA'ALAH,Community:,,SAIH SHUA'ALAH - 978,223,978,223,69543181.43,36734.75721
55.25272692,25.15162167,11,kml_11,,AL QOUZ FOURTH,33,AL QOUZ FOURTH,Community:,,AL QOUZ FOURTH - 359,102,359,102,2238882.568,5987.09223
55.66323854,24.93767505,18,kml_18,,AL MAHA,40,AL MAHA,Community:,,AL MAHA - 845,190,845,190,41733960.09,34853.46455
55.31450847,25.07271332,220,kml_220,,WADI AL SAFA 4,16,WADI AL SAFA 4,Community:,,WADI AL SAFA 4 - 646,238,646,238,6854488.88,12609.95138
55.40827368,25.20195112,3,kml_3,,AL WARQA'A SECOND,25,AL WARQA'A SECOND,Community:,,AL WARQA'A SECOND - 422,78,422,78,3563435.017,7438.392972
55.39225727,25.2816756,4,kml_4,,AL QUSAIS IND. SECOND,26,AL QUSAIS IND. SECOND,Community:,,AL QUSAIS IND. SECOND - 243,12,243,12,1728332.816,6052.365282
55.58660748,25.19818239,1,kml_1,,AL AWIR FIRST,23,AL AWIR FIRST,Community:,,AL AWIR FIRST - 711,76,711,76,39716134.69,35058.08103
55.28735144,25.23831561,7,kml_7,,AL JAFILIYA,29,AL JAFILIYA,Community:,,AL JAFILIYA - 323,60,323,60,1669479.422,5220.966036
55.44556193,25.26431024,5,kml_5,,OUD AL MUTEENA FIRST,27,OUD AL MUTEENA FIRST,Community:,,OUD AL MUTEENA FIRST - 265,139,265,139,3628020.766,8689.164535
55.03640244,24.98506017,14,kml_14,,MENA JABAL ALI,36,MENA JABAL ALI,Community:,,MENA JABAL ALI - 594,241,594,241,34842363.73,53063.03414
55.21551346,25.1006813,19,kml_19,,AL BARSHA SECOND,41,AL BARSHA SECOND,Community:,,AL BARSHA SECOND - 376,121,376,121,6411368.047,10209.09929
55.41890885,25.19159314,9,kml_9,,AL WARQA'A THIRD,31,AL WARQA'A THIRD,Community:,,AL WARQA'A THIRD - 423,82,423,82,6220073.248,11601.43389
55.36022417,25.19793827,10,kml_10,,AL KHEERAN FIRST,32,AL KHEERAN FIRST,Community:,,AL KHEERAN FIRST - 415,166,415,166,7334275.124,11543.47774
55.45143714,24.98081749,12,kml_12,,AL MARMOOM,34,AL MARMOOM,Community:,,AL MARMOOM - 917,208,917,208,27326474.02,24214.01718
55.32210925,25.26453282,13,kml_13,,AL MURAQQABAT,35,AL MURAQQABAT,Community:,,AL MURAQQABAT - 124,39,124,39,1505474.777,4867.415041
55.32196256,24.80700489,20,kml_20,,GHADEER BARASHY,42,GHADEER BARASHY,Community:,,GHADEER BARASHY - 967,220,967,220,70858924.28,33492.89891
54.99837238,25.10242938,15,kml_15,,JABAL ALI THIRD,37,JABAL ALI THIRD,Community:,,JABAL ALI THIRD - 593,239,593,239,365014170.6,122334.4929
55.38584258,25.19875639,17,kml_17,,NADD AL HAMAR,39,NADD AL HAMAR,Community:,,NADD AL HAMAR - 416,143,416,143,8312233.587,12989.91285
55.12246994,24.79077206,22,kml_22,,AL LAYAN 1,44,AL LAYAN 1,Community:,,AL LAYAN 1 - 987,225,987,225,28336104.52,21453.76024
55.05869569,24.8698041,23,kml_23,,SAIH SHUAIB 2,45,SAIH SHUAIB 2,Community:,,SAIH SHUAIB 2 - 531,171,531,171,22279220.87,19362.14727
55.38709846,25.26924463,35,kml_35,,AL QUSAIS SECOND,57,AL QUSAIS SECOND,Community:,,AL QUSAIS SECOND - 233,27,233,27,1791180.188,5345.326624
55.31013504,25.27673716,24,kml_24,,AL MURAR,46,AL MURAR,Community:,,AL MURAR - 117,24,117,24,387711.066,2782.852048
55.39625129,25.25037408,25,kml_25,,AL TWAR THIRD,47,AL TWAR THIRD,Community:,,AL TWAR THIRD - 228,47,228,47,2967446.371,6813.569253
55.23613866,25.0084826,26,kml_26,,AL HEBIAH FIFTH,48,AL HEBIAH FIFTH,Community:,,AL HEBIAH FIFTH - 683,161,683,161,8093323.533,11621.07273
55.23236054,25.14420612,28,kml_28,,AL QOUZ IND.FIRST,50,AL QOUZ IND.FIRST,Community:,,AL QOUZ IND.FIRST - 364,109,364,109,4825398.455,8843.460063
55.23357713,25.07153237,29,kml_29,,AL BARSHA SOUTH SECOND,51,AL BARSHA SOUTH SECOND,Community:,,AL BARSHA SOUTH SECOND - 672,130,672,130,4767353.328,9516.22108
55.23854966,25.0453287,36,kml_36,,AL HEBIAH FIRST,58,AL HEBIAH FIRST,Community:,,AL HEBIAH FIRST - 674,156,674,156,4176691.029,8305.547426
55.48819422,25.17706203,38,kml_38,,WADI ALSHABAK,60,WADI ALSHABAK,Community:,,WADI ALSHABAK - 431,153,431,153,10541064.65,13832.63591
55.39924844,25.26131836,54,kml_54,,AL QUSAIS THIRD,76,AL QUSAIS THIRD,Community:,,AL QUSAIS THIRD - 234,37,234,37,2258170.47,6194.424445
55.33260709,25.24935207,31,kml_31,,PORT SAEED,53,PORT SAEED,Community:,,PORT SAEED - 129,46,129,46,2702123.358,10392.49063
55.12077976,24.9964122,32,kml_32,,JABAL ALI INDUSTRIAL FIRST,54,JABAL ALI INDUSTRIAL FIRST,Community:,,JABAL ALI INDUSTRIAL FIRST - 599,133,599,133,22065249.66,19668.94847
55.31983571,24.9700249,33,kml_33,,AL YALAYIS 4,55,AL YALAYIS 4,Community:,,AL YALAYIS 4 - 924,212,924,212,13235536.98,14984.51296
55.3573873,25.17734413,34,kml_34,,RAS AL KHOR IND. SECOND,56,RAS AL KHOR IND. SECOND,Community:,,RAS AL KHOR IND. SECOND - 613,91,613,91,4173756.228,8234.960446
55.48839347,25.20365779,37,kml_37,,WADI ALAMARDI,59,WADI ALAMARDI,Community:,,WADI ALAMARDI - 271,75,271,75,24184196.97,20723.4294
55.26856332,25.22439332,40,kml_40,,AL BADA',62,AL BADA',Community:,,AL BADA' - 333,65,333,65,1984700.539,7946.070175
55.31848544,25.28736781,41,kml_41,,CORNICHE DEIRA,63,CORNICHE DEIRA,Community:,,CORNICHE DEIRA - 121,9,121,9,870784.2429,5165.842443
55.52542033,25.22992313,42,kml_42,,AL KHWANEEJ SECOND,64,AL KHWANEEJ SECOND,Community:,,AL KHWANEEJ SECOND - 282,56,282,56,12694068.28,14582.35151
55.19491783,25.11004745,43,kml_43,,AL BARSHA FIRST,65,AL BARSHA FIRST,Community:,,AL BARSHA FIRST - 373,120,373,120,3954266.281,9408.602098
55.23871537,25.17576996,44,kml_44,,AL SAFA FIRST,66,AL SAFA FIRST,Community:,,AL SAFA FIRST - 353,90,353,90,2430428.562,6705.662879
55.39065716,25.22467127,46,kml_46,,AL RASHIDIYA,68,AL RASHIDIYA,Community:,,AL RASHIDIYA - 216,141,216,141,4840781.484,10171.56989
55.24160868,25.15999263,50,kml_50,,AL QOUZ THIRD,72,AL QOUZ THIRD,Community:,,AL QOUZ THIRD - 358,106,358,106,2423039.425,6233.699276
55.30615649,25.22127195,51,kml_51,,ZAA'BEEL FIRST,73,ZAA'BEEL FIRST,Community:,,ZAA'BEEL FIRST - 325,69,325,69,4120079.347,8793.464506
55.23351155,25.08654143,58,kml_58,,AL BARSHA SOUTH FIRST,80,AL BARSHA SOUTH FIRST,Community:,,AL BARSHA SOUTH FIRST - 671,127,671,127,5900197.192,11324.76736
55.26939795,25.18243274,47,kml_47,,BUSINESS BAY,69,BUSINESS BAY,Community:,,BUSINESS BAY - 346,248,346,248,6586257.005,12890.66781
55.25290628,25.16930209,52,kml_52,,AL QOUZ FIRST,74,AL QOUZ FIRST,Community:,,AL QOUZ FIRST - 354,96,354,96,3571186.697,7680.819909
55.27764669,25.19489921,48,kml_48,,BURJ KHALIFA,70,BURJ KHALIFA,Community:,,BURJ KHALIFA - 345,83,345,83,2660075.459,6788.521865
55.34914443,25.15583471,49,kml_49,,NADD AL SHIBA SECOND,71,NADD AL SHIBA SECOND,Community:,,NADD AL SHIBA SECOND - 615,100,615,100,7486459.441,11383.64114
55.06113747,24.91941123,53,kml_53,,JABAL ALI INDUSTRIAL THIRD,75,JABAL ALI INDUSTRIAL THIRD,Community:,,JABAL ALI INDUSTRIAL THIRD - 516,174,516,174,30005970.4,22793.0909
55.21856878,24.99477898,55,kml_55,,ME'AISEM SECOND,77,ME'AISEM SECOND,Community:,,ME'AISEM SECOND - 686,231,686,231,10430083.98,15227.34479
55.30468568,25.24439079,56,kml_56,,AL KARAMA,78,AL KARAMA,Community:,,AL KARAMA - 318,54,318,54,2106964.376,6088.773991
55.44409235,24.90887253,57,kml_57,,AL LESAILY,79,AL LESAILY,Community:,,AL LESAILY - 931,214,931,214,112688806.3,41997.29536
55.42695815,25.12279918,64,kml_64,,AL ROWAIYAH FIRST,86,AL ROWAIYAH FIRST,Community:,,AL ROWAIYAH FIRST - 812,181,812,181,11490135.95,16051.71968
55.40329974,25.18816188,59,kml_59,,AL WARQA'A FIRST,81,AL WARQA'A FIRST,Community:,,AL WARQA'A FIRST - 421,85,421,85,2356626.887,6217.991559
55.39102063,25.29731247,60,kml_60,,AL QUSAIS IND. THIRD,82,AL QUSAIS IND. THIRD,Community:,,AL QUSAIS IND. THIRD - 246,3,246,3,925051.6726,4908.534005
55.44167302,25.244742,61,kml_61,,AL MIZHAR FIRST,83,AL MIZHAR FIRST,Community:,,AL MIZHAR FIRST - 262,140,262,140,6864620.96,10735.87778
55.43936945,25.00312269,62,kml_62,,AL YUFRAH 1,84,AL YUFRAH 1,Community:,,AL YUFRAH 1 - 915,206,915,206,17499991.42,19106.40381
55.42328057,25.22120796,63,kml_63,,MIRDIF,85,MIRDIF,Community:,,MIRDIF - 251,66,251,66,9350317.476,12975.64804
55.19009693,25.04652153,65,kml_65,,AL BARSHA SOUTH FIFTH,87,AL BARSHA SOUTH FIFTH,Community:,,AL BARSHA SOUTH FIFTH - 684,155,684,155,2951378.618,10868.93666
55.22519604,25.1595512,66,kml_66,,AL SAFA SECOND,88,AL SAFA SECOND,Community:,,AL SAFA SECOND - 357,101,357,101,1892794.557,5986.169031
55.36213806,25.27144519,67,kml_67,,AL TWAR FIRST,89,AL TWAR FIRST,Community:,,AL TWAR FIRST - 226,21,226,21,2563983.966,7385.437377
55.38219495,25.26133858,71,kml_71,,AL TWAR SECOND,93,AL TWAR SECOND,Community:,,AL TWAR SECOND - 227,42,227,42,1110878.34,4566.490443
55.30307058,25.27802086,95,kml_95,,AL CORNICHE,117,AL CORNICHE,Community:,,AL CORNICHE - 111,20,111,20,611325.1339,3960.3153
55.2792184,25.24251521,72,kml_72,,AL HUDAIBA,94,AL HUDAIBA,Community:,,AL HUDAIBA - 322,58,322,58,882341.245,4265.576386
55.18598344,25.01985654,68,kml_68,,ME'AISEM FIRST,90,ME'AISEM FIRST,Community:,,ME'AISEM FIRST - 685,163,685,163,16423985.4,16671.06061
55.41700301,25.24390168,69,kml_69,,MUHAISNAH FIRST,91,MUHAISNAH FIRST,Community:,,MUHAISNAH FIRST - 261,53,261,53,4973393.311,9272.092101
55.32764951,25.19541903,70,kml_70,,RAS AL KHOR,92,RAS AL KHOR,Community:,,RAS AL KHOR - 413,168,413,168,7793549.155,12420.9269
55.60849063,25.0581923,73,kml_73,,LEHBAB FIRST,95,LEHBAB FIRST,Community:,,LEHBAB FIRST - 731,199,731,199,34653078.96,24244.62179
55.19747557,25.09142124,74,kml_74,,AL BARSHA THIRD,96,AL BARSHA THIRD,Community:,,AL BARSHA THIRD - 375,125,375,125,4946791.453,10125.69198
55.40085352,25.29338943,129,kml_129,,AL QUSAIS IND. FOURTH,151,AL QUSAIS IND. FOURTH,Community:,,AL QUSAIS IND. FOURTH - 247,5,247,5,727747.056,3551.175376
55.32255182,25.27439508,75,kml_75,,AL MUTEENA,97,AL MUTEENA,Community:,,AL MUTEENA - 123,25,123,25,1113041.985,4318.757792
55.46051328,25.2431247,84,kml_84,,AL MIZHAR SECOND,106,AL MIZHAR SECOND,Community:,,AL MIZHAR SECOND - 263,51,263,51,4306286.23,8811.91773
55.59641417,24.86379982,76,kml_76,,UMM ESELAY,98,UMM ESELAY,Community:,,UMM ESELAY - 847,191,847,191,35161166.39,26547.18328
55.31075561,25.27298146,77,kml_77,,NAIF,99,NAIF,Community:,,NAIF - 118,29,118,29,747248.209,3795.174934
55.27815708,25.21804195,78,kml_78,,TRADE CENTER FIRST,100,TRADE CENTER FIRST,Community:,,TRADE CENTER FIRST - 335,72,335,72,834875.9415,7303.948384
55.27334848,25.22036921,79,kml_79,,AL SATWA,101,AL SATWA,Community:,,AL SATWA - 334,67,334,67,2692886.234,8492.479649
55.09583895,24.8234996,112,kml_112,,SAIH SHUAIB 4,134,SAIH SHUAIB 4,Community:,,SAIH SHUAIB 4 - 533,169,533,169,19368410.96,18196.58216
55.5713463,25.02205944,80,kml_80,,LEHBAB SECOND,102,LEHBAB SECOND,Community:,,LEHBAB SECOND - 831,187,831,187,62307557.01,39399.83432
55.3258626,25.17648249,82,kml_82,,BU KADRA,104,BU KADRA,Community:,,BU KADRA - 611,94,611,94,1745153.076,5529.754524
55.29429179,25.24914142,83,kml_83,,MANKHOOL,105,MANKHOOL,Community:,,MANKHOOL - 317,50,317,50,1960287.932,5810.545014
55.26881325,25.05089696,85,kml_85,,WADI AL SAFA 6,107,WADI AL SAFA 6,Community:,,WADI AL SAFA 6 - 664,158,664,158,7811939.719,13382.27968
54.96734611,24.93520954,93,kml_93,,HESSYAN SECOND,115,HESSYAN SECOND,Community:,,HESSYAN SECOND - 512,243,512,243,51898450.13,41905.70228
55.32249396,25.23838705,81,kml_81,,UMM HURAIR SECOND,103,UMM HURAIR SECOND,Community:,,UMM HURAIR SECOND - 315,57,315,57,3397079.154,9197.756422
55.67011039,24.76423305,103,kml_103,,YARAAH,125,YARAAH,Community:,,YARAAH - 861,194,861,194,76472908.38,37281.55931
55.33509452,25.30101091,87,kml_87,,AL HAMRIYA PORT,109,AL HAMRIYA PORT,Community:,,AL HAMRIYA PORT - 131,2,131,2,920801.7819,6242.459225
55.39738176,25.10659861,88,kml_88,,AL ROWAIYAH SECOND,110,AL ROWAIYAH SECOND,Community:,,AL ROWAIYAH SECOND - 813,182,813,182,7485660.5,11694.68045
55.40774779,25.14301385,104,kml_104,,WARSAN FOURTH,126,WARSAN FOURTH,Community:,,WARSAN FOURTH - 624,232,624,232,7865352.804,12740.10776
55.43726849,25.15650434,90,kml_90,,WARSAN SECOND,112,WARSAN SECOND,Community:,,WARSAN SECOND - 622,99,622,99,8626151.824,12691.48164
55.38660072,25.2867305,91,kml_91,,AL QUSAIS IND. FIRST,113,AL QUSAIS IND. FIRST,Community:,,AL QUSAIS IND. FIRST - 242,8,242,8,1437921.905,5287.921302
55.16500915,25.10139006,92,kml_92,,AL SAFOUH SECOND,114,AL SAFOUH SECOND,Community:,,AL SAFOUH SECOND - 382,124,382,124,4279072.416,9678.808922
55.34716596,25.28257332,94,kml_94,,HOR AL ANZ EAST,116,HOR AL ANZ EAST,Community:,,HOR AL ANZ EAST - 133,13,133,13,1377275.157,4804.76205
55.37608528,25.28977592,212,kml_212,,AL NAHDA SECOND,8,AL NAHDA SECOND,Community:,,AL NAHDA SECOND - 241,7,241,7,2211570.57,5984.624895
55.45383572,25.18050849,96,kml_96,,AL WARQA'A FIFTH,118,AL WARQA'A FIFTH,Community:,,AL WARQA'A FIFTH - 425,88,425,88,4252120.37,8301.737397
55.34635112,24.97561805,98,kml_98,,AL YALAYIS 3,120,AL YALAYIS 3,Community:,,AL YALAYIS 3 - 923,211,923,211,12340311.9,16043.2724
55.50421948,24.85639553,99,kml_99,,GRAYTEESAH,121,GRAYTEESAH,Community:,,GRAYTEESAH - 941,215,941,215,91826478.88,41094.52291
55.21190068,24.97495869,97,kml_97,,DUBAI INVESTMENT PARK SECOND,119,DUBAI INVESTMENT PARK SECOND,Community:,,DUBAI INVESTMENT PARK SECOND - 597,137,597,137,18774204.29,17568.89184
55.26671183,25.33285837,100,kml_100,,NAKHLAT DEIRA,122,NAKHLAT DEIRA,Community:,,NAKHLAT DEIRA - 101,245,101,245,99847836.74,44860.53686
54.89687777,24.98724631,101,kml_101,,AL WAJEHA AL BAHRIAH,123,AL WAJEHA AL BAHRIAH,Community:,,AL WAJEHA AL BAHRIAH - 502,242,502,242,124735324,49534.31114
55.27928907,25.21556989,102,kml_102,,TRADE CENTER SECOND,124,TRADE CENTER SECOND,Community:,,TRADE CENTER SECOND - 336,74,336,74,1379918.901,8920.128037
55.27017969,24.97654316,105,kml_105,,AL YALAYIS 5,127,AL YALAYIS 5,Community:,,AL YALAYIS 5 - 925,213,925,213,25164171.91,20113.08465
55.33750937,25.27715351,124,kml_124,,HOR AL ANZ,146,HOR AL ANZ,Community:,,HOR AL ANZ - 127,19,127,19,1750611.051,5474.305993
55.40385763,25.27226792,106,kml_106,,MUHAISANAH THIRD,128,MUHAISANAH THIRD,Community:,,MUHAISANAH THIRD - 244,22,244,22,1753300.757,5783.034834
55.43288321,25.27913705,107,kml_107,,MUHAISANAH FIFTH,129,MUHAISANAH FIFTH,Community:,,MUHAISANAH FIFTH - 267,18,267,18,1961509.116,5797.200829
55.38943444,25.12471671,110,kml_110,,NADD HESSA,132,NADD HESSA,Community:,,NADD HESSA - 626,233,626,233,9804465.229,13833.15897
55.16577237,24.99087359,108,kml_108,,DUBAI INVESTMENT PARK FIRST,130,DUBAI INVESTMENT PARK FIRST,Community:,,DUBAI INVESTMENT PARK FIRST - 598,134,598,134,17167002.88,16628.1439
55.40919567,25.1649877,109,kml_109,,WARSAN FIRST,131,WARSAN FIRST,Community:,,WARSAN FIRST - 621,97,621,97,8426532.678,11420.01587
55.22056174,25.03143497,113,kml_113,,AL HEBIAH FOURTH,135,AL HEBIAH FOURTH,Community:,,AL HEBIAH FOURTH - 682,160,682,160,9145533.767,12792.86616
55.16432265,25.0867714,114,kml_114,,AL THANYAH THIRD,136,AL THANYAH THIRD,Community:,,AL THANYAH THIRD - 388,145,388,145,3842456.339,8778.521194
55.19051097,25.08046564,118,kml_118,,AL THANYAH SECOND,140,AL THANYAH SECOND,Community:,,AL THANYAH SECOND - 384,128,384,128,6228059.326,10798.3736
55.17504569,25.09836516,119,kml_119,,AL THANYAH FIRST,141,AL THANYAH FIRST,Community:,,AL THANYAH FIRST - 383,126,383,126,1069719.845,4163.726723
55.1511146,25.05753149,115,kml_115,,AL THANYAH FIFTH,137,AL THANYAH FIFTH,Community:,,AL THANYAH FIFTH - 393,147,393,147,9714165.181,17231.77422
55.07790742,24.8460013,116,kml_116,,SAIH SHUAIB 3,138,SAIH SHUAIB 3,Community:,,SAIH SHUAIB 3 - 532,170,532,170,16041464.76,17134.59606
55.24599972,25.03492288,117,kml_117,,AL HEBIAH SECOND,139,AL HEBIAH SECOND,Community:,,AL HEBIAH SECOND - 675,157,675,157,3261042.68,7575.238092
55.2014326,25.15108872,120,kml_120,,UMM SUQEIM SECOND,142,UMM SUQEIM SECOND,Community:,,UMM SUQEIM SECOND - 362,107,362,107,3190130.125,9506.621613
55.50929138,24.99257194,126,kml_126,,UMM AL MO'MENEEN,148,UMM AL MO'MENEEN,Community:,,UMM AL MO'MENEEN - 835,188,835,188,32691452.46,24767.18442
55.29476144,25.20275419,121,kml_121,,ZAA'BEEL SECOND,143,ZAA'BEEL SECOND,Community:,,ZAA'BEEL SECOND - 337,77,337,77,10792102.19,15494.27974
55.25531536,25.19616135,122,kml_122,,AL WASL,144,AL WASL,Community:,,AL WASL - 343,79,343,79,4872908.645,9605.821825
55.31982486,25.28236168,123,kml_123,,AL BARAHA,145,AL BARAHA,Community:,,AL BARAHA - 122,17,122,17,1025324.695,4621.82653
55.32042458,25.25883351,125,kml_125,,RIGGAT AL BUTEEN,147,RIGGAT AL BUTEEN,Community:,,RIGGAT AL BUTEEN - 125,45,125,45,806583.6039,4027.397784
55.41605015,25.28627972,130,kml_130,,AL QUSAIS IND. FIFTH,152,AL QUSAIS IND. FIFTH,Community:,,AL QUSAIS IND. FIFTH - 248,10,248,10,2395554.953,6652.788405
55.10455381,24.95362927,131,kml_131,,JABAL ALI INDUSTRIAL SECOND,153,JABAL ALI INDUSTRIAL SECOND,Community:,,JABAL ALI INDUSTRIAL SECOND - 518,173,518,173,32565002.02,23489.85018
56.15484957,24.79839799,154,kml_154,,HATTA,176,HATTA,Community:,,HATTA - 891,138,891,138,128751709.7,53110.47337
55.19482274,25.13895878,155,kml_155,,UMM SUQEIM THIRD,177,UMM SUQEIM THIRD,Community:,,UMM SUQEIM THIRD - 366,113,366,113,2605935.233,8209.107637
55.38407744,25.06759382,173,kml_173,,UMM NAHAD FIRST,195,UMM NAHAD FIRST,Community:,,UMM NAHAD FIRST - 911,202,911,202,14127046.58,15579.57184
55.25287748,25.0217905,132,kml_132,,AL HEBIAH THIRD,154,AL HEBIAH THIRD,Community:,,AL HEBIAH THIRD - 676,230,676,230,4304796.1,8650.081384
55.33895112,25.17715388,133,kml_133,,RAS AL KHOR IND. FIRST,155,RAS AL KHOR IND. FIRST,Community:,,RAS AL KHOR IND. FIRST - 612,92,612,92,2645376.794,6662.084786
55.1568379,24.74846768,211,kml_211,,AL LAYAN 2,7,AL LAYAN 2,Community:,,AL LAYAN 2 - 988,226,988,226,36997664.96,24917.13456
55.33936535,25.05580719,174,kml_174,,UMM NAHAD SECOND,196,UMM NAHAD SECOND,Community:,,UMM NAHAD SECOND - 912,203,912,203,8523799.067,14403.54475
55.2708342,24.88736532,134,kml_134,,AL SELAL,156,AL SELAL,Community:,,AL SELAL - 961,219,961,219,170670828.4,52428.48285
55.57376845,24.73910947,135,kml_135,,AL FAGAA,157,AL FAGAA,Community:,,AL FAGAA - 945,216,945,216,140532310.5,64809.92465
55.3048647,25.02019941,175,kml_175,,AL YALAYIS 1,197,AL YALAYIS 1,Community:,,AL YALAYIS 1 - 921,209,921,209,17795916.94,17470.90326
55.23545055,25.06032583,136,kml_136,,AL BARSHA SOUTH THIRD,158,AL BARSHA SOUTH THIRD,Community:,,AL BARSHA SOUTH THIRD - 673,131,673,131,3743682.722,8291.532595
55.44495649,25.21017491,138,kml_138,,MUSHRAIF,160,MUSHRAIF,Community:,,MUSHRAIF - 252,71,252,71,10472738.81,15015.45724
55.5788179,24.94959633,139,kml_139,,MARGHAM,161,MARGHAM,Community:,,MARGHAM - 841,189,841,189,152594542.1,50952.15833
55.32984836,25.28557643,140,kml_140,,ABU HAIL,162,ABU HAIL,Community:,,ABU HAIL - 126,11,126,11,1273818.633,4637.541984
55.40990245,25.27926352,141,kml_141,,MUHAISANAH FOURTH,163,MUHAISANAH FOURTH,Community:,,MUHAISANAH FOURTH - 245,15,245,15,2323827.242,6776.960211
55.28776047,25.25342734,142,kml_142,,AL RAFFA,164,AL RAFFA,Community:,,AL RAFFA - 316,48,316,48,1228290.581,5176.300719
55.32615648,25.21391027,143,kml_143,,AL JADAF,165,AL JADAF,Community:,,AL JADAF - 326,70,326,70,7240334.255,13184.20382
55.21755836,25.1258338,144,kml_144,,AL QOUZ IND.THIRD,166,AL QOUZ IND.THIRD,Community:,,AL QOUZ IND.THIRD - 368,116,368,116,4402947.392,8766.273472
55.27138527,25.15267309,157,kml_157,,AL QOUZ SECOND,179,AL QOUZ SECOND,Community:,,AL QOUZ SECOND - 355,104,355,104,5324591.098,9575.228128
55.42269116,25.26507458,145,kml_145,,MUHAISANAH SECOND,167,MUHAISANAH SECOND,Community:,,MUHAISANAH SECOND - 264,26,264,26,5577576.861,9912.016607
55.36599738,25.13569632,149,kml_149,,NADD AL SHIBA FOURTH,171,NADD AL SHIBA FOURTH,Community:,,NADD AL SHIBA FOURTH - 617,111,617,111,6169341.642,10239.58181
55.35911464,25.22086534,158,kml_158,,AL KHEERAN,180,AL KHEERAN,Community:,,AL KHEERAN - 412,167,412,167,6313593.768,13348.028
55.2684451,25.01658291,147,kml_147,,AL HEBIAH SIXTH,169,AL HEBIAH SIXTH,Community:,,AL HEBIAH SIXTH - 677,253,677,253,3268265.388,8728.073316
55.35155533,25.09902864,148,kml_148,,WADI AL SAFA 2,170,WADI AL SAFA 2,Community:,,WADI AL SAFA 2 - 643,236,643,236,10531420.09,13742.53273
55.31183521,25.10396665,150,kml_150,,WADI AL SAFA 3,172,WADI AL SAFA 3,Community:,,WADI AL SAFA 3 - 645,237,645,237,30192055.8,29186.41465
55.31081195,25.25406745,153,kml_153,,UMM HURAIR FIRST,175,UMM HURAIR FIRST,Community:,,UMM HURAIR FIRST - 314,49,314,49,984710.3913,4573.281998
55.18528184,25.12107474,156,kml_156,,AL SAFOUH FIRST,178,AL SAFOUH FIRST,Community:,,AL SAFOUH FIRST - 372,117,372,117,5871946.718,10897.51802
55.22606078,25.19823187,152,kml_152,,JUMEIRA ISLAND 2,174,JUMEIRA ISLAND 2,Community:,,JUMEIRA ISLAND 2 - 304,250,304,250,116673.336,1797.922027
55.23958074,25.19938637,159,kml_159,,JUMEIRA SECOND,181,JUMEIRA SECOND,Community:,,JUMEIRA SECOND - 342,81,342,81,3342284.561,9457.35034
55.22969319,25.18360362,160,kml_160,,JUMEIRA THIRD,182,JUMEIRA THIRD,Community:,,JUMEIRA THIRD - 352,86,352,86,3442745.18,9482.043903
55.27333508,25.27427364,163,kml_163,,MADINAT DUBAI AL MELAHEYAH,185,MADINAT DUBAI AL MELAHEYAH,Community:,,MADINAT DUBAI AL MELAHEYAH - 321,14,321,14,22091345.76,21304.94486
55.28645252,25.16730817,161,kml_161,,AL MERKADH,183,AL MERKADH,Community:,,AL MERKADH - 347,95,347,95,10355202.65,14582.05204
55.38689057,24.9896559,162,kml_162,,AL YUFRAH 2,184,AL YUFRAH 2,Community:,,AL YUFRAH 2 - 916,207,916,207,4331598.832,8918.654646
55.21661312,25.16567855,166,kml_166,,UMM SUQEIM FIRST,188,UMM SUQEIM FIRST,Community:,,UMM SUQEIM FIRST - 356,98,356,98,2813891.331,7381.074658
55.36608965,24.98334807,164,kml_164,,AL YUFRAH 3,186,AL YUFRAH 3,Community:,,AL YUFRAH 3 - 918,251,918,251,11109840.84,17297.02122
55.39334147,24.96844677,165,kml_165,,AL YUFRAH 4,187,AL YUFRAH 4,Community:,,AL YUFRAH 4 - 919,252,919,252,11784792.77,14299.10459
55.30455532,25.26026738,167,kml_167,,AL HAMRIYA,189,AL HAMRIYA,Community:,,AL HAMRIYA - 313,44,313,44,827901.6609,3797.764732
55.46585182,25.15407827,188,kml_188,,WARSAN THIRD,210,WARSAN THIRD,Community:,,WARSAN THIRD - 811,180,811,180,10441916.85,15457.62806
55.29307463,25.2620591,168,kml_168,,AL SOUQ AL KABEER,190,AL SOUQ AL KABEER,Community:,,AL SOUQ AL KABEER - 312,43,312,43,874944.9832,4433.158672
55.31648771,25.14480997,169,kml_169,,NADD AL SHIBA FIRST,191,NADD AL SHIBA FIRST,Community:,,NADD AL SHIBA FIRST - 618,235,618,235,21673127.83,19993.81176
55.36346319,25.28883114,201,kml_201,,AL NAHDA FIRST,223,AL NAHDA FIRST,Community:,,AL NAHDA FIRST - 231,4,231,4,1696333.862,7263.665665
55.26029494,25.10426309,170,kml_170,,HADAEQ SHEIKH MOHAMMED BIN RASHID,192,HADAEQ SHEIKH MOHAMMED BIN RASHID,Community:,,HADAEQ SHEIKH MOHAMMED BIN RASHID - 631,234,631,234,38677198.85,35079.36282
55.42075721,25.02166338,171,kml_171,,UMM NAHAD THIRD,193,UMM NAHAD THIRD,Community:,,UMM NAHAD THIRD - 913,204,913,204,15289681.78,18436.78603
54.99626459,24.89838844,172,kml_172,,SAIH SHUAIB 1,194,SAIH SHUAIB 1,Community:,,SAIH SHUAIB 1 - 513,244,513,244,41613301.42,28211.00433
55.36464793,25.0270592,176,kml_176,,UMM NAHAD FOURTH,198,UMM NAHAD FOURTH,Community:,,UMM NAHAD FOURTH - 914,205,914,205,46008453.11,28727.00255
55.58340534,25.16830409,177,kml_177,,AL AWIR SECOND,199,AL AWIR SECOND,Community:,,AL AWIR SECOND - 721,87,721,87,54944834.25,33677.99529
55.62546847,25.11136563,178,kml_178,,AL WOHOOSH,200,AL WOHOOSH,Community:,,AL WOHOOSH - 727,198,727,198,26514742.75,20781.79577
55.0250136,24.9565167,187,kml_187,,HESSYAN FIRST,209,HESSYAN FIRST,Community:,,HESSYAN FIRST - 511,149,511,149,23846527.61,24601.22168
55.25262077,25.22935306,179,kml_179,,JUMEIRA FIRST,201,JUMEIRA FIRST,Community:,,JUMEIRA FIRST - 332,61,332,61,9960424.675,15279.07841
55.29977203,25.26890329,186,kml_186,,AL BUTEEN,208,AL BUTEEN,Community:,,AL BUTEEN - 114,38,114,38,147788.0873,1571.088721
55.47612725,25.12028391,180,kml_180,,AL ROWAIYAH THIRD,202,AL ROWAIYAH THIRD,Community:,,AL ROWAIYAH THIRD - 814,183,814,183,59997992.6,36114.12897
55.51545854,25.10326242,181,kml_181,,MEREIYEEL,203,MEREIYEEL,Community:,,MEREIYEEL - 821,184,821,184,30688142.38,26755.11354
55.30010814,25.27266214,185,kml_185,,AL DAGHAYA,207,AL DAGHAYA,Community:,,AL DAGHAYA - 113,31,113,31,176578.552,1733.79033
55.37262287,25.2779037,189,kml_189,,AL QUSAIS FIRST,211,AL QUSAIS FIRST,Community:,,AL QUSAIS FIRST - 232,16,232,16,2731428.711,6803.776058
55.46431764,25.26433267,190,kml_190,,OUD AL MUTEENA SECOND,212,OUD AL MUTEENA SECOND,Community:,,OUD AL MUTEENA SECOND - 266,33,266,33,2426490.143,6192.191814
55.48878512,25.24621528,191,kml_191,,AL KHWANEEJ FIRST,213,AL KHWANEEJ FIRST,Community:,,AL KHWANEEJ FIRST - 281,41,281,41,16411872.56,16552.03617
55.14226287,24.90040792,193,kml_193,,MADINAT AL MATAAR,215,MADINAT AL MATAAR,Community:,,MADINAT AL MATAAR - 521,172,521,172,141835173.6,49060.53227
55.24692779,25.13351361,194,kml_194,,AL QOUZ IND.SECOND,216,AL QOUZ IND.SECOND,Community:,,AL QOUZ IND.SECOND - 365,112,365,112,5051233.367,9103.389644
55.3656858,25.2292079,195,kml_195,,UMM RAMOOL,217,UMM RAMOOL,Community:,,UMM RAMOOL - 215,62,215,62,3646885.816,7916.000113
55.43722524,25.1869506,196,kml_196,,AL WARQA'A FOURTH,218,AL WARQA'A FOURTH,Community:,,AL WARQA'A FOURTH - 424,84,424,84,5145410.96,9230.898186
55.5351791,25.2109384,197,kml_197,,ALEYAS,219,ALEYAS,Community:,,ALEYAS - 283,73,283,73,10519148.57,13392.0095
55.23350729,25.11624932,198,kml_198,,AL QOUZ IND.FOURTH,220,AL QOUZ IND.FOURTH,Community:,,AL QOUZ IND.FOURTH - 369,119,369,119,4689056.937,8718.608001
55.20894699,25.06040123,199,kml_199,,AL BARSHA SOUTH FOURTH,221,AL BARSHA SOUTH FOURTH,Community:,,AL BARSHA SOUTH FOURTH - 681,154,681,154,6803189.215,10100.3134
55.29855559,25.23490881,200,kml_200,,AL KIFAF,222,AL KIFAF,Community:,,AL KIFAF - 324,64,324,64,795645.973,4051.710755
55.3655697,25.25228252,202,kml_202,,DUBAI INT'L AIRPORT,224,DUBAI INT'L AIRPORT,Community:,,DUBAI INT'L AIRPORT - 221,32,221,32,14180715.88,18275.27776
55.31105463,25.26603134,203,kml_203,,AL RIGGA,225,AL RIGGA,Community:,,AL RIGGA - 119,40,119,40,654291.391,3702.84455
55.20523886,25.13154405,204,kml_204,,UMM AL SHEIF,226,UMM AL SHEIF,Community:,,UMM AL SHEIF - 367,115,367,115,1847928.473,5469.963262
55.34609548,24.67286001,210,kml_210,,AL O'SHOOSH,6,AL O'SHOOSH,Community:,,AL O'SHOOSH - 975,222,975,222,58948906.17,34673.31075
55.4494186,25.27535517,206,kml_206,,OUD AL MUTEENA THIRD,2,OUD AL MUTEENA THIRD,Community:,,OUD AL MUTEENA THIRD - 268,23,268,23,1369803.48,5370.236397
55.45837112,25.05793257,208,kml_208,,UMM AL DAMAN,4,UMM AL DAMAN,Community:,,UMM AL DAMAN - 824,185,824,185,35222549.91,25862.29683
55.38134369,25.17261887,209,kml_209,,RAS AL KHOR IND. THIRD,5,RAS AL KHOR IND. THIRD,Community:,,RAS AL KHOR IND. THIRD - 614,93,614,93,5448028.047,9603.376967
54.98948803,25.00735569,205,kml_205,,NAKHLAT JABAL ALI,1,NAKHLAT JABAL ALI,Community:,,NAKHLAT JABAL ALI - 501,152,501,152,58101543.41,27733.52511
55.50971588,25.04048074,213,kml_213,,LE HEMAIRA,9,LE HEMAIRA,Community:,,LE HEMAIRA - 826,186,826,186,36413376.73,30666.9999
55.35225168,25.24296601,215,kml_215,,AL GARHOUD,11,AL GARHOUD,Community:,,AL GARHOUD - 214,52,214,52,4042863.618,9214.881081
55.21428194,25.14425175,216,kml_216,,AL MANARA,12,AL MANARA,Community:,,AL MANARA - 363,110,363,110,2194559.629,6193.802519
55.38303671,25.21723464,217,kml_217,,NADD SHAMMA,13,NADD SHAMMA,Community:,,NADD SHAMMA - 213,142,213,142,1092960.734,4778.478392
55.20920231,24.80221465,218,kml_218,,MUGATRAH,14,MUGATRAH,Community:,,MUGATRAH - 981,224,981,224,139912556,49720.18636
55.5697082,25.10765171,219,kml_219,,ENKHALI,15,ENKHALI,Community:,,ENKHALI - 724,197,724,197,44497971.7,26462.94371
55.28887684,25.26655924,221,kml_221,,AL SHINDAGHA,17,AL SHINDAGHA,Community:,,AL SHINDAGHA - 311,35,311,35,310840.2848,3577.121511
55.17720889,25.06014479,222,kml_222,,AL THANYAH  FOURTH,18,AL THANYAH  FOURTH,Community:,,AL THANYAH  FOURTH - 394,148,394,148,11078799.92,15108.08886
55.37514755,25.15318054,223,kml_223,,NADD AL SHIBA THIRD,19,NADD AL SHIBA THIRD,Community:,,NADD AL SHIBA THIRD - 616,105,616,105,6320420.25,9742.206276
55.30404257,25.2743475,224,kml_224,,AYAL NASIR,20,AYAL NASIR,Community:,,AYAL NASIR - 116,28,116,28,173100.0775,1686.759706
55.31126223,25.23798309,225,kml_225,,OUD METHA,21,OUD METHA,Community:,,OUD METHA - 319,59,319,59,1515958.337,5255.198422
55.13406873,25.04044811,226,kml_226,,JABAL ALI FIRST,22,JABAL ALI FIRST,Community:,,JABAL ALI FIRST - 591,175,591,175,21323936.17,19717.71866
